,Titulo,IMDBid,Nota,Votos,Elenco,Gênero,Duração,Reviews,Ano,Data de estréia,Data dos episodios,Roteiristas,Censura,País,Idiomas,Episodios
0,Sex Education,7767422,8.3,224665.0,"Asa Butterfield, Gillian Anderson, Emma Mackey, Ncuti Gatwa, Connor Swindells, Kedar Williams-Stirling, Aimee Lou Wood, Alistair Petrie, Tanya Reynolds, Patricia Allison, Mikael Persbrandt, Jim Howick, Mimi Keene, Chris Jenks, Chaneil Kular, Rakhee Thakrar, Samantha Spiro, Sami Outalbali, Chinenye Ezeudu, Simone Ashley, George Robinson, Anne-Marie Duff, Hannah Waddingham, George Somner, Lisa Palfrey, Doreene Blackstock, Jemima Kirke, Dua Saleh, Sharon Duncan-Brewster, Joe Wilkinson, Jojo Macari, Conor Clarke-McGrath, Deobia Oparei, Lino Facioli, Judith Cabral, James Purefoy, Indra Ové, Armin Karima, Jack Helsby, Robyn Holdaway, Jason Isaacs, Lily Newmark, Dan Renton Skinner, Daniel Ings, Edward Bluemel, Mirren Mack, George Georgiou, Tom Atkinson, Suzanne Bertish, Colin Murtagh","Comedy, Drama",45,25.0,2019.0,11/01/2019,"11/01/2019, 11/01/2019, 11/01/2019, 11/01/2019, 11/01/2019, 11/01/2019, 11/01/2019","Laurie Nunn, Laurie Nunn, Sophie Goodhart","Argentina:16, Australia:MA15+::(self-applied), Brazil:16::(self-applied), Canada:TV-MA::(self-applied), France:16, Germany:16::(self-applied), India:A, Indonesia:18+::(self-applied), Italy:VM14, Japan:R18+::(self-applied), Mexico:TV-MA::(self-applied), Netherlands:16::(season 3), Netherlands:12::(seasons 1 and 2), New Zealand:R16::(self-applied), Norway:16::(self-applied), Philippines:18+::(self-applied), Poland:16, Portugal:16, Singapore:R21, South Korea:18, Spain:16, Sweden:16+, Turkey:18+, United Kingdom:18, United States:TV-MA, United Arab Emirates:18+::(self-applied), Vietnam:C18",United Kingdom,English,8.0
1,Stranger Things,4574334,8.7,921986.0,"Winona Ryder, David Harbour, Finn Wolfhard, Millie Bobby Brown, Gaten Matarazzo, Caleb McLaughlin, Natalia Dyer, Charlie Heaton, Joe Keery, Cara Buono, Noah Schnapp, Sadie Sink, Priah Ferguson, Joe Chrest, Dacre Montgomery, Maya Hawke, Brett Gelman, Rob Morgan, John Reynolds, Matthew Modine, Randy Havens, Sean Astin, Paul Reiser, Susan Shalhoub Larkin, Tinsley Price, Jamie Campbell Bower, Amybeth McNulty, Grace Van Dien, Eduardo Franco, Myles Truitt, Nikola Djuricko, Joseph Quinn, Regina Ting Chen, Sherman Augustus, Catherine Curtin, Andrey Ivchenko, Chester Rushing, Anniston Price, Mark Steger, Francesca Reale, Tobias Jelinek, Chelsea Talmadge, Shannon Purser, Joel Stoffer, Jake Busey, Cary Elwes, Aimee Mullins, Michael Park, Catherine Dyer, Peyton Wich","Drama, Fantasy, Horror, Mystery, Sci-Fi, Thriller",51,25.0,2016.0,11/07/2016,"11/07/2016, 15/07/2016, 15/07/2016, 15/07/2016, 15/07/2016, 15/07/2016, 15/07/2016","Matt Duffer, Matt Duffer, Matt Duffer","Argentina:16, Australia:M, Australia:MA15+::(season 3), Brazil:14::(season 1), Brazil:16::(seasons 2 and 3), Canada:14A, Canada:13+::(Quebec), France:16, Germany:16, Hong Kong:IIB, India:15::(self-applied), India:U::(some episodes), Indonesia:16+::(self-applied), Italy:VM14, Japan:PG12::(self-applied), Malaysia:P13, Mexico:TV-14::(self-applied), Netherlands:16, New Zealand:M::(Season 1-2), New Zealand:R16::(Season 3), Nigeria:12A, Norway:16::(Netflix self-rating), Philippines:PG-13, Poland:12, Portugal:16, Russia:16+, Saudi Arabia:PG12, Singapore:NC16, South Korea:15, Spain:16, Spain:13::(self-applied), Sweden:16+, Turkey:16+::(self-applied), United Kingdom:15, United Kingdom:12::(some episodes), United States:TV-14, United Arab Emirates:18+::(self-applied), Vietnam:C16",United States,"English, Russian",8.0
2,On My Block,7879820,8.0,14065.0,"Sierra Capri, Jason Genao, Brett Gray, Diego Tinoco, Jessica Marie Garcia, Julio Macias, Peggy Blow, Reggie Austin, Paula Garcés, Eme Ikwuakor, Eric Neil Gutierrez, Ronni Hawk, Ian Casselberry, Nikki Rodriguez, Raushanah Simmons, Jahking Guillory, Emilio Rivera, Rob Murat, Steve Louis Villegas, Joshua Armando Ticas, Andrea Cortés, Troy Leigh-Anne Johnson, Gilberto Ortiz, Brent Werzner, Ezekiel Pacheco, Lisa Marcos, Ada Luz Pla, Shoshana Bush, Nico Evers-Swindell, Danny Ramirez, Eddie Gonzalez, Angela Elayne Gibbs, Billie J Bradford, Layla Morales, Marcel Nahapetian, Jasmine Ashanti, Kellee Stewart, Cassidy Naber, Kaitlin Yamano, Benito Martinez, Sammie Ray, Dana Gaier, Kendre Berry, Meiyee Apple Tam, Mallory James Mahoney, Conor Husting, Gloria Calderon Kellett, Sydney Agudong, Ricardo Adam Zarate, Marlon Young","Comedy, Drama",30,25.0,2018.0,16/03/2018,"16/03/2018, 16/03/2018, 16/03/2018, 16/03/2018, 16/03/2018, 16/03/2018, 16/03/2018, 16/03/2018, 16/03/2018","Eddie Gonzalez, Eddie Gonzalez, Jeremy Haft","Australia:M, Brazil:16::(self-applied), France:13::(self-applied), Germany:16::(self-applied), India:18::(self-applied), Indonesia:18+::(self-applied), Italy:T, Japan:PG-12, Malaysia:P13, Mexico:TV-14::(self-applied), Netherlands:16, Norway:12::(Netflix self-rating), Philippines:18+::(self-applied), Poland:13::(self-applied), Singapore:M18, South Korea:18, Spain:13, Sweden:13, Turkey:18+::(self-applied), United Kingdom:15, United States:TV-14, United Arab Emirates:18+::(self-applied)",United States,English,10.0
3,The Witcher,5180504,8.2,355432.0,"Henry Cavill, Anna Shaffer, Freya Allan, Graham McTavish, Liz Carr, Simon Callow, Kevin Doyle, Adjoa Andoh, Chris Fulton, Cassie Clare, Yasen Atour, Basil Eidenbenz, Anya Chalotra, Mimi Ndiweni, Mecia Simson, Eamon Farren, Gianni Calchetti, Paul Bullion, MyAnna Buring, Wilson Mbomio, Adam Levy, Joey Batey, Lars Mikkelsen, Royce Pierreson, Jodhi May, Björn Hlynur Haraldsson, Therica Wilson-Read, Judit Fekete, Máté Haumann, Daniel Burke, Mahesh Jadu, Emma Appleton, Josette Simon, Maciej Musial, Shaun Dooley, Anna-Louise Plowman, Terence Maynard, Tobi Bamtefa, Nóra Trokán, Martin Berencsy, Aisha Fabienne Ross, Mia McKenna-Bruce, Adesuwa Oni, Colette Dalal Tchantcho, Francis Magee, Tom Canton, Jordan Renzo, Isobel Laidler, Frida Gustavsson, Packy Lee","Action, Adventure, Fantasy, Mystery",60,25.0,2019.0,20/12/2019,"20/12/2019, 20/12/2019, 20/12/2019, 20/12/2019, 20/12/2019, 20/12/2019, 20/12/2019","Andrzej Sapkowski, Andrzej Sapkowski, Lauren Schmidt","Argentina:16, Australia:MA15+::(Netflix self-rating), Brazil:18, Canada:TV-MA::(self-applied), France:16::(self-applied), Germany:16::(self-applied), India:18::(self applied), Indonesia:18+::(self-applied), Italy:VM14, Japan:R18+::(self-applied), Mexico:B15::(self-applied), Netherlands:16, New Zealand:R16::(Netflix self-rating), Norway:16::(Netflix self-rating), Philippines:18+::(self-applied), Poland:16, Russia:18+, Singapore:R21, South Korea:18, Spain:16, Sweden:16+::(Self-Applied), Sweden:16+::(self-applied), Turkey:18+::(self-applied), United Kingdom:15::(Season 1), United States:TV-MA, United Arab Emirates:18+::(self-applied), Vietnam:C18::(self-applied)","Poland, United States, Hungary",English,8.0
4,The Crown,4786824,8.6,176875.0,"Claire Foy, Olivia Colman, Imelda Staunton, Matt Smith, Tobias Menzies, Jonathan Pryce, Lesley Manville, Elizabeth Debicki, Dominic West, Charles Edwards, Marion Bailey, Victoria Hamilton, Helena Bonham Carter, Vanessa Kirby, Pip Torrens, Sam Phillips, Erin Doherty, Will Keen, Josh O'Connor, Lizzy McInnerny, Chris Gordon, Nick Owenford, James Hillier, John Lithgow, Jeremy Northam, Harry Hadden-Paton, Clive Francis, Teddy Lewis, Jonny Lee Miller, Flora Montgomery, Andrew Havill, Marcia Warren, Claudia Harrison, Khalid Abdalla, Salim Dau, Sam Woolf, Emma Laird Craig, Billy Jenkins, Nicholas Rowe, Daniel Ings, Ben Miles, Penny Downie, Greg Wise, Ben Daniels, Emma Corrin, Anton Lesser, David Rintoul, Michael Buerk, Harriet Walter, Jason Watkins","Biography, Drama, History",58,25.0,2016.0,07/01/2016,"07/01/2016, 04/11/2016, 04/11/2016, 04/11/2016, 04/11/2016, 04/11/2016, 04/11/2016, 04/11/2016, 04/11/2016","Peter Morgan, Peter Morgan, Peter Morgan","Argentina:16, Australia:MA15+, Australia:M::(season 3), Brazil:16, Brazil:14::(season 2), Canada:PG::(Ontario), Canada:14A::(Ontario), Canada:G::(Quebec), Denmark:11, Denmark:11::(DVD rating), Finland:K-12, Finland:K-12::(DVD rating), France:16, Germany:12::(self-applied), India:16+::(self-applied), Indonesia:18+::(self-applied), Ireland:15, Ireland:12::(some episodes), Italy:VM14, Japan:R18+::(self-applied), Mexico:TV-MA::(self-applied), Netherlands:9::(season 1), Netherlands:12::(seasons 2-4), New Zealand:M, Norway:12, Norway:12::(DVD rating), Philippines:18+::(self-applied), Poland:12, Russia:18+, Singapore:NC16::(season 1), Singapore:M18::(series level), South Korea:15, Spain:13, Sweden:11, Sweden:11::(DVD rating), Turkey:18+::(self-applied), United Kingdom:15, United Kingdom:12::(season 3), United Kingdom:PG::(some episodes), United States:TV-MA, United Arab Emirates:18+::(self-applied)",United Kingdom,English,10.0
5,Ozark,5071412,8.4,215750.0,"Jason Bateman, Laura Linney, Sofia Hublitz, Skylar Gaertner, Julia Garner, Lisa Emery, Charlie Tahan, Kevin L. Johnson, Jordana Spiro, Jason Butler Harner, Peter Mullan, Carson Holmes, Janet McTeer, McKinley Belcher III, Ali Stroker, Veronica Falcón, Robert C. Treveiler, Trevor Long, Nelson Bonilla, Harris Yulin, Jessica Frances Dukes, Esai Morales, Tom Pelphrey, Darren Goldstein, Felix Solis, Michael Mosley, Marc Menchaca, Evan George Vourazeris, Damian Young, Madison Thompson, Joseph Sikora, Christopher James Baker, John Bedford Lloyd, Melissa Saint-Amand, Lindsay Ayliffe, Michael Tourek, Tess Malis Kincaid, Bethany Anne Lind, Marylouise Burke, Tyler Chase, Robert Tinsley, Pedro Lopez, Sandy Givelber, Christopher Cocke, John Gettier, Aaron Gillespie, Joseph Melendez, Quinn Cooke, Adam Boyer, Dani Deetté","Crime, Drama, Thriller",60,25.0,2017.0,21/07/2017,"21/07/2017, 21/07/2017, 21/07/2017, 21/07/2017, 21/07/2017, 21/07/2017, 21/07/2017, 21/07/2017, 21/07/2017","Bill Dubuque, Bill Dubuque, Bill Dubuque","Argentina:16, Australia:MA15+, Brazil:16, Canada:TV-MA::(self-applied), France:16, Germany:16, India:16+::(self-applied), Indonesia:18+::(self-applied), Italy:VM14, Japan:R18+::(self-applied), Mexico:TV-MA::(self-applied), Netherlands:16, Norway:16::(Netflix self-rating), Philippines:18+::(self-applied), Poland:16, Russia:18+, Singapore:R21, South Korea:18, Spain:16, Sweden:16+, Turkey:18+, United Kingdom:18, United States:TV-MA, United Arab Emirates:18+::(self-applied)",United States,English,10.0
6,Outer Banks,10293938,7.6,36903.0,"Chase Stokes, Madelyn Cline, Madison Bailey, J.D., Rudy Pankow, Austin North, Charles Esten, Drew Starkey, Cullen Moss, Caroline Arapoglou, Julia Antonelli, Deion Smith, Marland Burke, E. Roger Mitchell, Adina Porter, Chelle Ramos, Samantha Soule, Nicholas Cirillo, Elizabeth Mitchell, Gary Weeks, Rob Mars, Adam Vernier, Jesse C. Boyd, CC Castillo, Carlacia Grant, Brian Stapf, Charles Halford, Brad James, Terence Rosemore, Chris Gerard, Lilah Pate, Michael Otis, Jontavious Johnson, Jason Saucier, Bing Fu, Brad Ashten, Ian Gregg, Andres Munar, Candi Brooks, David Ury, Tonia Jackson, Ted Huckabee, Logan Siu, Paul Teal, Onye Eme-Akwari, Donna Biscoe, Jayson Warner Smith, Sharon E. Smith, Marshall Bell, Mary Rachel Quinn","Action, Crime, Drama, Mystery, Romance, Thriller",50,25.0,2020.0,15/04/2020,"15/04/2020, 15/04/2020, 15/04/2020, 15/04/2020, 15/04/2020, 15/04/2020, 15/04/2020, 15/04/2020, 15/04/2020","Shannon Burke, Shannon Burke, Shannon Burke","Argentina:16, Australia:M, Brazil:16::(self-applied), Canada:TV-MA::(self-applied), France:13::(self-applied), Germany:12::(self-applied), India:18::(self-applied), Indonesia:18+::(self-applied), Italy:VM14::(self-applied), Japan:R18+::(self-applied), Mexico:TV-MA::(self-applied), Netherlands:16, Philippines:18+::(self-applied), Poland:12, Portugal:M/14, Singapore:M18, South Korea:15, Spain:13::(self-applied), Sweden:16+, Turkey:18+::(self-applied), United Kingdom:15, United States:TV-MA, United Arab Emirates:18+::(self-applied)",United States,English,10.0
7,Love 101,10516352,7.5,12287.0,"Mert Yazicioglu, Kubilay Aka, Alina Boz, Selahattin Pasali, Ipek Filiz Yazici, Pinar Deniz, Müfit Kayacan, Kaan Urgancioglu, Marley Estrada, David Haack, Bade Iscil, Merve Akkaya, Firat Bozan, Sekvan Serinkaya, Ece Yüksel, Rae Varela, Feri Baycu Güler, Luca Emir Merci, Fatih Al, Fahri Öztezcan, Kenan Demirok, Gümeç Alpay Aslan, Tuba Ünsal, Cengiz Tangör, Ali Il, Selen Domaç, Tarhan Karagöz, Ebru Soyuerdem, Idil Arkut Malhan, Samet Kaan Kuyucu, Ramiz Mullamusa, Liz Burnette, Mert Firat, Ezgi Durukan, Paul Galliano, Meltem Pamirtan, Murat Topçinar, Fatih Artman, Deniz Özbalci, Ugur Arda Baskan, Nil Günal, Onur Ayçelik, Lal Ensari, Ogeday Girisken, Özgür Daniel Foster, Gizem Erdem, Hacer Togay, Oben Onur, Tayfun Gölbasi, Melih Köklü","Comedy, Drama, Romance",40,25.0,2020.0,24/04/2020,"24/04/2020, 24/04/2020, 24/04/2020, 24/04/2020, 24/04/2020, 24/04/2020, 24/04/2020","Meriç Acemi, Meriç Acemi","Australia:M, Brazil:12::(self-applied), France:13::(self-applied), Germany:12::(self-applied), India:16::(self-applied), Indonesia:16+, Italy:VM14, Philippines:16+::(self-applied), Poland:16::(self-applied), Singapore:NC16, South Korea:18, Spain:13, Sweden:13::(self-applied), Turkey:15+, United Kingdom:15, United States:TV-14, United Arab Emirates:16+::(self-applied)",Turkey,Turkish,8.0
8,Locke & Key,3007572,7.4,54196.0,"Darby Stanchfield, Connor Jessup, Emilia Jones, Jackson Robert Scott, Griffin Gluck, Asha Bromfield, Petrice Jones, Genevieve Kang, Hallea Jones, Laysla De Oliveira, Kevin Durand, Kolton Stewart, Leishe Meyboom, Sherri Saum, Aaron Ashmore, Brendan Hines, Coby Bird, Jesse Camacho, Joy Tanner, Bill Heck, Thomas Mitchell Barnet, Eric Graise, Nicole James, Felix Mallard, Nick Dolan, Kevin Alves, Steven Williams, Martin Roach, Nicole Stamp, Ellen Olivia Giddings, André Dae Kim, Sabrina Saudin, Aidan Shaw, Liyou Abere, Chris Britton, Erica Pickering, Kayla DeSouza, Michael Therriault, Ken Pak, Owen Ois, Tara Nicodemo, Tanya Clarke, Thomas Mitchell, Shaun Shetty, Charlotte Tavares, Marium Carvell, Joe Hill, Andrew Ahmed, Chris Farquhar, Leslie Adlam","Drama, Fantasy, Horror, Mystery, Thriller",48,25.0,2020.0,07/02/2020,"07/02/2020, 07/02/2020, 07/02/2020, 07/02/2020, 07/02/2020, 07/02/2020, 07/02/2020, 07/02/2020, 07/02/2020","Meredith Averill, Meredith Averill, Aron Eli Coleite","Argentina:13, Australia:M, Brazil:14, Canada:PG::(Manitoba), Canada:13+::(Quebec), France:13::(self-applied), Germany:12, India:18::(self-applied), Indonesia:18+::(self-applied), Italy:T::(self-applied), Japan:R15+, Mexico:TV-14, Netherlands:16, Norway:12::(Netflix self-rating), Philippines:18+::(self-applied), Poland:13::(self-applied), Singapore:NC16, South Korea:18, Spain:13, Sweden:13::(self-applied), Turkey:15+, United Kingdom:15, United States:TV-14, United Arab Emirates:18+::(self-applied), Vietnam:C18","Canada, United States",English,10.0
9,The Umbrella Academy,1312171,8.0,183636.0,"Elliot Page, Tom Hopper, David Castañeda, Emmy Raver-Lampman, Robert Sheehan, Aidan Gallagher, Justin H. Min, Colm Feore, Ritu Arya, Jordan Claire Robbins, Kate Walsh, Adam Godley, Cameron Britton, Mary J. Blige, Yusuf Gatewood, Marin Ireland, Sheila McCarthy, John Magaro, Kris Holden-Ried, Justin Paul Kelly, Stephen Bogaert, Jason Bryden, Kevin Rankin, Cameron Brodeur, Eden Cupid, Rainbow Sun Francks, Dov Tiefenbach, T.J. McGibbon, Blake Talabis, Dante Albidone, Ken Hall, Ethan Hwang, John Kapelos, Tom Sinclair, Patrice Goodman, Calem MacDonald, Alyssa Gervasi, Raven Dauda, Sean Sullivan, Dewshane Williams, Mouna Traoré, Tony Marra, Robert Verlaque, Heather Sanderson, Ashley Madekwe, Peter Outerbridge, Cody Ray Thompson, Peter Schoelier, Zachary Bennett, Murray Furrow","Action, Adventure, Comedy, Drama, Fantasy, Sci-Fi",60,25.0,2019.0,15/02/2019,"15/02/2019, 15/02/2019, 15/02/2019, 15/02/2019, 15/02/2019, 15/02/2019, 15/02/2019, 15/02/2019, 15/02/2019","Steve Blackman, Steve Blackman, Gerard Way","Argentina:16, Australia:MA15+, Brazil:16, Canada:TV-MA::(self-applied), Chile:16+::(Netflix self-rating), France:16::(self-applied), Germany:16, India:16+::(self-applied), Indonesia:16+::(self-applied), Italy:T, Japan:R15+::(self-applied), Mexico:TV-14::(self-applied), Netherlands:16::(Netflix self-rating), Norway:16::(Netflix self-rating), Philippines:16+::(self-applied), Poland:12, Russia:18+, Singapore:M18, South Korea:15, Spain:16::(self-applied), Sweden:16+, Turkey:16+, United Kingdom:15, United States:TV-14, United Arab Emirates:16+::(self-applied), Vietnam:C16","United States, Canada",English,10.0
10,Narcos,2707408,8.8,384453.0,"Pedro Pascal, Lizbeth Eden, Wagner Moura, Boyd Holbrook, Alberto Ammann, Muratcan Savci, Paulina Gaitan, Juan Murcia, Jorge Monterrosa, Damián Alcázar, Francisco Denis, Raúl Méndez, Juan Sebastián Calero, Paulina García, Diego Cataño, Brett Cullen, Julián Díaz, Joanna Christie, Maurice Compte, María José Sanchez Real, Stephanie Sigman, Matias Varela, Arturo Castro, Manolo Cardona, Bruno Bichir, Andrea Londo, Leynar Gomez, Juan Pablo Raba, Richard T. Jones, Taliana Vargas, Mauricio Cujar, Jason Chad Roth, Pêpê Rapazote, Michael Stahl-David, Matt Whelan, Jorge A. Jimenez, Eric Lange, Danielle Kennedy, Carrell Lasso, Roberto Cano, Juan Pablo Shuk, Juana Álvarez, Cristina Umaña, Patrick St. Esprit, Konstantin Melikhov, Ariel Sierra, Mauricio Mejía, Gustavo Angarita Jr., Germán Jaramillo, André Mattos","Biography, Crime, Drama, Thriller",49,25.0,2015.0,28/08/2015,"28/08/2015, 28/08/2015, 28/08/2015, 28/08/2015, 28/08/2015, 28/08/2015, 28/08/2015, 28/08/2015, 28/08/2015","Carlo Bernard, Carlo Bernard, Carlo Bernard","Argentina:16, Australia:MA15+, Brazil:16, Canada:13+::(Quebec), Colombia:18, Denmark:15, Finland:K-16, France:12, Germany:16, Hong Kong:III, India:A, Indonesia:18+::(self-applied), Ireland:15, Italy:VM14, Japan:R18+::(self-applied), Mexico:TV-MA::(self-applied), Netherlands:16, New Zealand:R16, Norway:15, Philippines:R-18, Poland:16, Russia:18+, Singapore:M18, South Korea:18, Spain:16, Sweden:15, Turkey:18+::(self-applied), United Kingdom:15, United States:TV-MA, United Arab Emirates:18+::(self-applied)","United States, Colombia, Mexico","English, Spanish",10.0
11,Narcos: Mexico,8714904,8.4,67152.0,"Scoot McNairy, Diego Luna, José María Yazpik, Fermín Martínez, Alejandro Edda, Alfonso Dosal, Fernanda Urrejola, Teresa Ruiz, Manuel Masalva, Clark Freeman, Matt Letscher, Michael Peña, Joaquín Cosio, Tenoch Huerta, Gerardo Taracena, Julio Cesar Cedillo, Gorka Lasaosa, Andrés Almeida, Alyssa Diaz, Aaron Staton, Mayra Hermosillo, Jesse Garcia, Horacio Garcia Rojas, Luisa Rubino, Alberto Zeni, Matt Biedel, Alejandro Bracho, Guillermo Villegas, Francisco Barreiro, Ivana Plantier, Miguel Rodarte, Lenny Jacobson, Jero Medina, Edmundo Vargas, Alessandro Borrelli, Mark Kubr, Érick Israel Consuelo, Manuel Uriza, Ernesto Alterio, Andres Londono, Alex Knight, Alberto Ammann, Tessa Ia, Edison Ruíz, Noé Hernández, Jonathan Ochoa, Milton Cortés, Jesús Ochoa, Yul Vazquez, Viviana Serna","Crime, Drama",50,25.0,2018.0,16/11/2018,"16/11/2018, 16/11/2018, 16/11/2018, 16/11/2018, 16/11/2018, 16/11/2018, 16/11/2018, 16/11/2018, 16/11/2018","Carlo Bernard, Carlo Bernard, Chris Brancato","Australia:R18+, Brazil:16::(self-applied), Canada:13+::(Quebec), France:18, Germany:18::(self-applied), India:18+::(self-applied), Indonesia:18+::(self-applied), Italy:VM14, Japan:R18+::(self-applied), Mexico:TV-MA::(self-applied), Norway:18::(Netflix self-rating), Philippines:18+::(self-applied), Poland:18::(self-applied), Singapore:R21, South Korea:18, Spain:18, Sweden:18, Turkey:18+::(self-applied), United Kingdom:15::(most episodes), United Kingdom:18::(one episode), United States:TV-MA, United Arab Emirates:18+::(self-applied)","Mexico, United States",English,10.0
12,Lost in Space,5232792,7.3,77880.0,"Molly Parker, Toby Stephens, Maxwell Jenkins, Taylor Russell, Mina Sundwall, Ignacio Serricchio, Parker Posey, Brian Steele, Raza Jaffrey, Ajay Friese, Amelia Burstyn, Sibongile Mlambo, Nevis Unipan, Zehra Fazal, Shaun Parkes, JJ Feild, Yukari Komatsu, Douglas Hodge, Sakina Jaffrey, Cary-Hiroyuki Tagawa, Kiki Sukezane, Tattiawna Jones, Adam Greydon Reid, Rowan Schlosberg, Veenu Sandhu, Viv Leacock, Aria DeMaris, Iain Belcher, Zya Acala, Amanda Marier, Jon Cor, Selma Blair, Bill Mumy, AnnaMaria Demara, Rob LaBelle, Bradley Stryker, Ildiko Susany, Aaron Pearl, Adam Bogen, Monte Thompson, Alison Araya, Kwesi Ameyaw, Josh Chambers, Chris Shields, Jojo Ahenkorah, Karen LeBlanc, William Budijanto, Hugo Raymundo, Vanessa Eichholz, Natasha Quirke","Adventure, Drama, Family, Mystery, Sci-Fi",60,25.0,2018.0,13/04/2018,"13/04/2018, 13/04/2018, 13/04/2018, 13/04/2018, 13/04/2018, 13/04/2018, 13/04/2018, 13/04/2018, 13/04/2018","Matt Sazama, Matt Sazama, Burk Sharpless","Argentina:Atp, Australia:M::(Netflix self-rating), Brazil:14, Canada:TV-PG::(self-applied), France:7::(self-applied), Germany:12, India:7::(self-applied), Italy:T, Japan:G, Mexico:TV-PG::(self-applied), Netherlands:12, Norway:7::(Netflix self-rating), Poland:7::(self-applied), Singapore:PG13, South Korea:12, Spain:7::(Netflix rating), Sweden:7+::(self-applied), Turkey:7+, United Kingdom:12, United Kingdom:PG::(one episode), United States:TV-PG, United Arab Emirates:7+::(self-applie), United Arab Emirates:7+::(self-applied)",United States,English,10.0
13,Elite,7134908,7.5,64142.0,"Itzan Escamilla, Omar Ayuso, Miguel Bernardeau, Arón Piper, Claudia Salas, Georgina Amorós, Mina El Hammani, Elisabet Gelabert, John Omohundro, Álvaro Rico, Ester Expósito, Danna Paola, Ainhoa Santamaría, Abdelatif Hwidar, Eva Llorach, Farah Hamed, Rubén Martínez, Jorge López, Carla Díaz, Martina Cariddi, Manu Ríos, Diego Martín, Lola Marceli, Pol Granch, Jaime Lorente, Irene Arcos, Rocío Muñoz-Cobo, Ramón Esquinas, Miguel Herrán, Yaiza Guimaré, María Pedraza, Valentina Zenere, André Lamoglia, Leïti Sène, Adam Nourou, Alfredo Villa, Liz Lobato, Andrés Velencoso, Jorge Suquet, Sergio Momo, Marta Aledo, Julián Ortega, Aryè Campos, Javier Mula, Boré Buika, Kike Guaza, Jon Rod, Bruno Lastra, Alex Ricart, Jesús Gallo","Crime, Drama, Thriller",60,25.0,2018.0,05/10/2018,"05/10/2018, 05/10/2018, 05/10/2018, 05/10/2018, 05/10/2018, 05/10/2018, 05/10/2018","Darío Madrona, Darío Madrona, Carlos Montero","Argentina:16, Australia:MA15+::(Netflix self-rating), Brazil:18, Canada:TV-MA::(self-applied), France:16, Germany:12::(self-applied), India:18+::(self-applied), Indonesia:18+::(self-applied), Italy:VM14, Japan:R18+::(self-applied), Mexico:TV-MA::(self-applied), Netherlands:16, Norway:12::(Netflix self-rating), Philippines:18+::(self-applied), Poland:16, Singapore:R21, South Korea:18, Spain:13, Sweden:16+::(self-applied), Turkey:18+::(self-applied), United Kingdom:15, United States:TV-MA, United Arab Emirates:18+::(self-applied)",Spain,Spanish,8.0
14,The Movies That Made Us,10681222,7.8,4957.0,"Danny Wallace, Donald Ian Black, Jennifer Julian, Ryan Turek, Sean Clark, Dean Cundey, Irwin Yablans, Sean S. Cunningham, Barbara Boyle, Kevin Jones, Mark Bellomo, Frank Price, Dori Berinstein, Rick Carter, Charles Newirth, Phil Tippett, Steve Mathis, Craig Hayes, Ken Ralston, Todd Strauss-Schulson, John Rosengrant, Michele Panelli-Venetis, William Atherton, Richard Edlund, Shane Mahan, Thaine Morris, Mark Stetson, Stephen Rosenbaum, Roger Corman, Edward Neumeier, Rachel Talalay, Barry W. Blaustein, Dan Aykroyd, Kenny Ortega, Miranda Garrison, Stephen Thorp, Tommy Lee Wallace, Bob Gale, J.F. Lawton, Michael Miner, David Sheffield, Ian Nathan, George Mansour, Jody Duncan, Ivan Reitman, Jeb Stuart, Eleanor Bergstein, Peter Heller, Nick Castle, Heather Langenkamp","Documentary, Short, History",45,25.0,2019.0,29/11/2019,"29/11/2019, 29/11/2019, 29/11/2019",Benjamin J. Frost,"Brazil:14::(self-applied), Canada:TV-MA::(self-applied), Germany:16::(self-applied), Indonesia:18+, Mexico:TV-MA::(self-applied), Philippines:18+::(self-applied), Poland:16::(self-applied), Singapore:NC16, South Korea:15, Spain:16::(self-applied), Turkey:18+::(self-applied), United Kingdom:15, United States:TV-MA",United States,English,4.0
15,Grace and Frankie,3609352,8.2,44392.0,"Jane Fonda, Lily Tomlin, Sam Waterston, Martin Sheen, June Diane Raphael, Brooklyn Decker, Ethan Embry, Baron Vaughn, Peter Cambor, Tim Bagley, Lindsey Kraft, Peter Gallagher, Ernie Hudson, Michael Charles Roman, Millicent Martin, Scott Evans, Marsha Mason, Jack Plotnick, Brittany Ishibashi, Craig T. Nelson, Michael McKean, Christine Woods, Sam Elliott, Geoff Stults, Mark Deklin, Michael Gross, Willa Miel Pogue, Marty Thomas, Daheli Hall, Estelle Parsons, Lisa Kudrow, John Getz, Angelique Cabral, Megan Ferguson, Roger Bart, Todd Grinnell, Josh Cooke, Timothy V. Murphy, Kevin Chamberlin, Hudson West, Todd Sherry, Japheth Gordon, Cora Vander Broek, Lois Smith, Joe Morton, John Balma, Swoosie Kurtz, Paul Michael Glaser, RuPaul, Brooke D'Orsay",Comedy,30,25.0,2015.0,08/05/2015,"08/05/2015, 08/05/2015, 08/05/2015, 08/05/2015, 08/05/2015, 08/05/2015, 08/05/2015, 08/05/2015, 08/05/2015, 08/05/2015, 08/05/2015, 08/05/2015","Marta Kauffman, Marta Kauffman, Howard J. Morris","Argentina:16, Australia:M, Australia:MA15+::(season 1), Brazil:16::(self-applied), Canada:G::(Quebec), France:13::(self-applied), Germany:12::(self-applied), India:16::(self-applied), Italy:VM14, Japan:R18+::(self-applied), Mexico:TV-MA::(self-applied), Netherlands:AL::(season 3), Netherlands:12::(seasons 1 and 2), New Zealand:M, Norway:12::(Netflix self-rating), Philippines:18+::(self-applied), Poland:16::(self-applied), Singapore:M18, South Korea:18, Spain:13, Sweden:13, Turkey:16+::(self-applied), United Kingdom:15::(some episodes), United Kingdom:12::(some episodes), United States:TV-MA",United States,English,13.0
16,BoJack Horseman,3398228,8.7,130255.0,"Will Arnett, Amy Sedaris, Alison Brie, Aaron Paul, Paul F. Tompkins, Adam Conover, Keith Olbermann, Diedrich Bader, Kristen Schaal, Patton Oswalt, Raphael Bob-Waksberg, Aparna Nancherla, J.K. Simmons, Stanley Tucci, Wendie Malick, Angela Bassett, Rami Malek, Stephanie Beatriz, Lake Bell, Maria Bamford, Kimiko Glenn, Dave Segal, Ben Schwartz, Mike Hollingsworth, Raúl Esparza, Margo Martindale, Cedric Yarbrough, James Adomian, Kevin Bigley, Abbi Jacobson, Lisa Kudrow, LaKeith Stanfield, Julia Chan, Olivia Wilde, Jean Villepique, Rachel Bloom, Jessica Biel, Hong Chau, Fielding Edlow, Kristin Chenoweth, Daniele Gaither, Echo Gillette, Phil LaMarr, Sam Richardson, Hilary Swank, Alan Arkin, Paget Brewster, Chris Cox, Andre Braugher, Kelen Coleman","Animation, Comedy, Drama",25,25.0,2014.0,22/08/2014,"22/08/2014, 22/08/2014, 22/08/2014, 22/08/2014, 22/08/2014, 22/08/2014, 22/08/2014, 22/08/2014, 22/08/2014, 22/08/2014, 22/08/2014","Raphael Bob-Waksberg, Raphael Bob-Waksberg, Alison Tafel","Argentina:16, Australia:PG::(one episode), Australia:M::(some episodes, Season 1, 3), Australia:MA15+::(some episodes, Season 2, 4, 6), Brazil:16, Canada:13+::(Quebec), France:16, Germany:16::(self-applied), India:18+::(self-applied), Ireland:15::(TV rating), Italy:VM14::(self-applied), Japan:G, Mexico:TV-MA::(self-applied), Netherlands:6::(season 4), Netherlands:12::(seasons 1-3), New Zealand:M::(some episodes), New Zealand:R13::(some episodes), New Zealand:R16::(some episodes, Season 1-2 DVD), Philippines:18+::(self-applied), Poland:12, Portugal:M/16, Russia:18+::(Netflix self-rating), Russia:16+::(TV rating), Singapore:R21, South Korea:18, Spain:16, Sweden:16+, Turkey:18+::(self-applied), United Kingdom:18::(one episode, Season 2 DVD), United Kingdom:PG::(some episodes), United Kingdom:12::(some episodes), United Kingdom:15::(some episodes, Season 1, 3-5 DVD), United States:TV-MA, United Arab Emirates:18+::(self-applied)",United States,English,12.0
17,Never Have I Ever,10062292,7.8,40168.0,"Maitreyi Ramakrishnan, Poorna Jagannathan, Darren Barnet, John McEnroe, Jaren Lewison, Benjamin Norris, Richa Moorjani, Lee Rodriguez, Ramona Young, Sendhil Ramamurthy, Adam Shapiro, Christina Kartchner, Aitana Rinab Perez, Niecy Nash, Dino Petrera, Jack Seavor McDonald, Hanna Stein, Dana Vaughns, Ranjita Chakravarty, Megan Suri, Royal Patel, Cocoa Brown, Martin Martinez, P.J. Byrne, Tyler Alvarez, Rushi Kota, Andrea Ramos, Common, Lily D. Moore, Eddie Liu, Tembi Locke, Eugene Prokofiev, Adriyah Marie Young, Donielle Nash, Utkarsh Ambudkar, Angela Kinsey, Michael Badalucco, Alexandra Billings, Gilberto Ortiz, Mark Collier, Rachel Zimmermann, ChaCha Shen, Donna Pieroni, Peter James Smith, Andy Samberg, Jae Suh Park, Clyde Kusatsu, Markus Jorgensen, Tohoru Masamune, John Mawson","Comedy, Drama",30,25.0,2020.0,27/04/2020,"27/04/2020, 27/04/2020, 27/04/2020, 27/04/2020, 27/04/2020, 27/04/2020, 27/04/2020, 27/04/2020, 27/04/2020","Lang Fisher, Lang Fisher, Mindy Kaling","Argentina:13, Australia:M, Brazil:12, Canada:TV-14::(self-applied), France:13::(self-applied), Germany:12::(internet), India:16::(self-applied), Indonesia:13+::(self-applied), Italy:T, Japan:PG12::(self-applied), Mexico:TV-14::(self-applied), Netherlands:AL, Philippines:13+::(self-applied), Poland:12, Singapore:M18, South Korea:15, Spain:13, Sweden:13+, Turkey:13+::(self-applied), United Kingdom:12, United States:TV-14::(self-applied), United Arab Emirates:13+::(self-applied)",United States,English,10.0
18,"Love, Death & Robots",9561862,8.5,125261.0,"Scott Whyte, Nolan North, Steven Pacey, Emily O'Brien, Fred Tatasciore, Matthew Yang King, Michelle C. Bonilla, Chris Cox, Ike Amadi, Noshir Dalal, Piotr Michael, Mary Elizabeth Winstead, Kevin Michael Richardson, Samira Wiley, Maurice LaMarche, Josh Brener, Helen Sadler, Stefan Kapicic, Aaron Himelstein, Kirk Thornton, Elaine Tan, Michael Benyaer, Neil Kaplan, Graham Hamilton, Henry Douthwaite, Elly Condron, Rebecca Riedy, Michael B. Jordan, Archie Madekwe, Joe Dempsie, Peter Franzén, Nancy Linari, Divi Mittal, Topher Grace, Yuri Lowenthal, Gary Anthony Williams, Daisuke Tsuji, Bruce Thomas, Carlos Alazraqui, Adam Bartley, André Sogliuzzo, Alexia Dox, Hayley McLaughlin, Madeleine Knight, Christopher L. Parson, G.K. Bowes, Ben Sullivan, Emma Thornett, Dieter Jansen, Elodie Yung","Animation, Short, Action, Adventure, Comedy, Drama, Fantasy, Horror, Mystery, Sci-Fi, Thriller",15,25.0,2019.0,15/03/2019,"15/03/2019, 15/03/2019, 15/03/2019, 15/03/2019, 15/03/2019, 15/03/2019, 15/03/2019, 15/03/2019, 15/03/2019, 15/03/2019, 15/03/2019, 15/03/2019, 15/03/2019, 15/03/2019, 15/03/2019, 15/03/2019, 15/03/2019","Tim Miller, Tim Miller, Philip Gelatt","Argentina:18, Australia:MA15+::(Netflix self-rating), Belgium:KNT/ENA, Brazil:18, Canada:TV-MA::(self-applied), Finland:K-18::(Netflix self-rating), France:18::(self-applied), Germany:18::(Netflix rating), India:18::(self-applied), Indonesia:18+::(self-applied), Italy:VM18, Japan:R18+::(self-applied), Mexico:TV-MA::(self-applied), Netherlands:16, Norway:18::(Netflix self-rating), Poland:18, Portugal:M/18, Russia:18+, Singapore:R21, South Korea:18, Spain:18, Sweden:18+::(self-applied), Turkey:18+, United Kingdom:18, United Kingdom:15::(most episodes), United States:TV-MA, United Arab Emirates:18+::(self-applied)",United States,English,18.0
19,Dead to Me,8064302,8.0,65387.0,"Christina Applegate, Linda Cardellini, Sam McCarthy, Luke Roessler, James Marsden, Max Jenkins, Diana Maria Riva, Brandon Scott, Keong Sim, Natalie Morales, Valerie Mahaffey, Suzy Nakamura, Ed Asner, Haley Sims, Eien Kobayashi, Telma Hopkins, Frances Conroy, Jadon Cole, Dylan Kate, Jere Burns, Adora Soleil Bricher, Sadie Stanley, Chelsea Spack, Lily Knight, Katey Sagal, Renee Victor, John Ennis, Ericka Kreutz, Marc Evan Jackson, Rick Holmes, Edward Fordham Jr., Blair Beeken, Marcus Brown, Olivia Macklin, Steve Howey, Beth Hoyt, Beth Littleford, Owen Robinson, Michole Briana White, Sunkrish Bala, Greg Bryan, Tiffany Yvonne Cox, Chris Aquilino, Lisa Schurga, Reatha Grey, Tara Karsian, Gloria Calderon Kellett, Jen Kober, David Douglas, Michael Boucher","Comedy, Crime, Drama",30,25.0,2019.0,03/05/2019,"03/05/2019, 03/05/2019, 03/05/2019, 03/05/2019, 03/05/2019, 03/05/2019, 03/05/2019, 03/05/2019, 03/05/2019","Liz Feldman, Liz Feldman, Liz Feldman","Argentina:16, Australia:M, Brazil:16, Canada:TV-MA::(self-applied), France:13::(self-applied), Germany:12::(self-applied), India:18::(self-applied), Italy:VM14, Japan:R18+::(self-applied), Mexico:TV-MA::(self-applied), Netherlands:12, Philippines:18+::(self-applied), Poland:16::(self-applied), Portugal:M/12::(Netflix rating), Singapore:M18, South Korea:18, Spain:13, Sweden:13::(self-applied), Turkey:18+::(self-applied), United Kingdom:15, United States:TV-MA, United Arab Emirates:18+::(self-applied)",United States,English,10.0
20,Castlevania,6517102,8.3,55522.0,"Richard Armitage, James Callis, Alejandra Reynoso, Theo James, Adetokumboh M'Cormack, Jaime Murray, Graham McTavish, Emily Swallow, Jessica Brown Findlay, Yasmine Al Massri, Ivana Milicevic, Bill Nighy, Gildart Jackson, Matt Frewer, Matt Lowe, Moira Quirk, Rila Fukushima, Jason Isaacs, Malcolm McDowell, Navid Negahban, Toks Olagundoye, Toru Uchikado, Marsha Thomason, Lance Reddick, Titus Welliver, Barbara Steele, Darren Richardson, Christine Adams, Emma Catherine Rigby, Matthew Waterson, JB Blanc, JP Karliak, Peter Stormare, Adam Croasdell, Courtenay Taylor, Imari Williams, Tony Amendola, Jonathan Lipow, Timothy Omundson, André Sogliuzzo, Fabio Tassone, Fred Tatasciore, Dave B. Mitchell, Sara Cravens, Mick Wingert","Animation, Action, Adventure, Fantasy, Horror",23,25.0,2017.0,07/07/2017,"07/07/2017, 07/07/2017, 07/07/2017","Warren Ellis, Warren Ellis","Australia:MA15+::(seasons 1-2), Australia:R18+::(seasons 3-4), Brazil:16, Canada:13+::(Quebec), France:18, Germany:18::(self-applied), India:18::(self-applied), Indonesia:18+::(self-applied), Italy:VM14::(self-applied), Japan:R18+::(self-applied), Mexico:TV-MA::(self-applied), Netherlands:12, New Zealand:R16::(Season 1), Norway:16::(Netflix self-rating), Norway:18::(Netflix self-rating), Philippines:R-18::(Netflix rating), Philippines:18+::(self-applied), Poland:16, Portugal:M/16, Portugal:M/18::(Netflix self-rating), Singapore:M18, South Korea:18, Spain:18, Sweden:18+::(self-applied), Turkey:18+::(self-applied), United Kingdom:15, United Kingdom:18::(season 4), United States:TV-MA::(LV), United Arab Emirates:18+::(self-applied)",United States,English,4.0
21,Orange Is the New Black,2372162,8.0,287942.0,"Taylor Schilling, Kate Mulgrew, Uzo Aduba, Danielle Brooks, Dascha Polanco, Selenis Leyva, Nick Sandow, Yael Stone, Taryn Manning, Jackie Cruz, Adrienne C. Moore, Laura Prepon, Natasha Lyonne, Jessica Pimentel, Elizabeth Rodriguez, Laura Gómez, Michael Harney, Matt Peters, Lea DeLaria, Dale Soules, Diane Guerrero, Vicky Jeudy, Emma Myles, Samira Wiley, Julie Lake, Constance Shulman, Abigail Savage, Alysia Reiner, Annie Golden, Lin Tucci, Kimiko Glenn, Joel Marsh Garland, Daniella De Jesús, Laverne Cox, Catherine Curtin, Mike Houston, Emily Tarver, Beth Dover, Beth Fowler, Nick Dillenburg, Jason Biggs, Hunter Emery, Lori Tan Chinn, Rosal Colon, James McMenamin, Shannon Esper, Brad William Henke, Matt McGorry, Miriam Morales, Shaleeni Ranchhod","Comedy, Crime, Drama",59,25.0,2013.0,11/07/2013,"11/07/2013, 11/07/2013, 11/07/2013, 11/07/2013, 11/07/2013, 11/07/2013, 11/07/2013, 11/07/2013, 11/07/2013, 11/07/2013, 11/07/2013, 11/07/2013","Jenji Kohan, Jenji Kohan, Jenji Kohan","Argentina:16, Australia:MA15+, Brazil:18, Canada:13+::(Quebec), France:16, Germany:16, India:18+::(self-applied), Indonesia:18+::(self-applied), Ireland:15, Italy:VM14, Japan:R18+::(self-applied), Malaysia:(Banned), Mexico:C, Netherlands:12, Netherlands:16::(season 4), New Zealand:R16::(DVD rating), New Zealand:R13::(some episodes), Norway:16::(Netflix self-rating), Philippines:18+::(self-applied), Poland:16::(self-applied), Russia:18+, Singapore:R21, South Korea:18, Spain:16, Sweden:16+::(self-applied), Turkey:18+, United Kingdom:18, United Kingdom:18::(some episodes), United States:TV-MA, United Arab Emirates:18+::(self-applied)",United States,English,13.0
22,House of Cards,1856010,8.7,482331.0,"Robin Wright, Michael Kelly, Kevin Spacey, Justin Doescher, Derek Cecil, Jayne Atkinson, Nathan Darrow, Mahershala Ali, Boris McGiver, Paul Sparks, Molly Parker, Neve Campbell, Jeremy Holm, Michel Gill, Marla Aaron Wapner, Nini Le Huynh, Gregory Divers, Elizabeth Marvel, Larry Pine, Campbell Scott, Sakina Jaffrey, Constance Zimmer, Rachel Brosnahan, Curtiss Cook, John Wells, Kristen Connolly, Sebastian Arcelus, Reed Birney, Jimmi Simpson, Antoinette Montgomery, Gerald McRaney, Dominique McElligott, Joel Kinnaman, Reg E. Cathey, Kate Mara, Damian Young, Elizabeth Norment, Julian Gamble, Lars Mikkelsen, Corey Stoll, Kate Lyn Sheil, Tatyana N. Pokrovskaya, Patricia Clarkson, Sandrine Holt, Colm Feore, Mozhan Marnò, Mercedes Herrero, John Rue, Korey Jackson, Andrew Polk",Drama,51,25.0,2013.0,01/02/2013,"01/02/2013, 01/02/2013, 01/02/2013, 01/02/2013, 01/02/2013, 01/02/2013, 01/02/2013, 01/02/2013, 01/02/2013, 01/02/2013, 01/02/2013, 01/02/2013","Andrew Davies, Michael Dobbs, Beau Willimon","Argentina:16, Australia:MA15+, Brazil:16, Canada:14A::(Manitoba/Nova Scotia), Canada:13+::(Québec), Denmark:15, Finland:K-12, France:Tous publics, Germany:12, Hong Kong:IIB, India:16+::(self-applied), Indonesia:18+::(self-applied), Ireland:15, Italy:VM12::(Sky rating), Japan:R18+::(self-applied), Malaysia:18, Mexico:B15, Netherlands:16::(season 4), Netherlands:12::(seasons 1-3), New Zealand:R16, Norway:15, Philippines:18+::(self-applied), Poland:16, Portugal:12AP, Russia:18+, Singapore:M18, Singapore:R21, South Korea:15, Spain:16, Sweden:15, Turkey:18+::(self-applied), United Kingdom:18::(season 1-2), United Kingdom:15::(season 3 onwards), United States:TV-MA, United Arab Emirates:18+::(self-applied)",United States,English,13.0
23,Sense8,2431438,8.3,146345.0,"Bae Doona, Jamie Clayton, Tina Desai, Tuppence Middleton, Max Riemelt, Miguel Ángel Silvestre, Brian J. Smith, Daryl Hannah, Freema Agyeman, Zamire Zeynep Özdemir, Alfonso Herrera, Terrence Mann, Eréndira Ibarra, Naveen Andrews, Purab Kohli, Max Mauff, Paul Ogola, Chichi Seii, Michael X. Sommers, Aml Ameen, Toby Onwumere, Anupam Kher, Ness Bautista, Peter King Nzioki, Natasha Rastogi, Huzan Mevawalla, Ki-Chan Lee, Kristján Kristjánsson, Darshan Jariwala, Valeria Bilello, Mumbi Maina, Maxwell Jenkins, Mita Vashisht, Maximilienne Ewalt, Raúl Méndez, Adam Shapiro, Erik Hayser, Rosa Katanu, Kim Hye-hwa, Yuh-Jung Youn, Sara Sohn, Avantika Akerkar, Abel Amunga, Shruti Bapna, Sandra Fish, Sukku Son, Lwanda Jawar, Kick Gurry, Lee Kyung-young, Ari Brickman","Drama, Mystery, Sci-Fi, Thriller",60,25.0,2015.0,05/06/2015,"05/06/2015, 05/06/2015, 05/06/2015, 05/06/2015, 05/06/2015, 05/06/2015, 05/06/2015, 05/06/2015, 05/06/2015, 05/06/2015, 05/06/2015","J. Michael Straczynski, J. Michael Straczynski, Lana Wachowski","Argentina:16, Australia:MA15+, Brazil:18, Canada:TV-MA::(self-applied), France:16, Germany:16, India:18::(self-applied), Indonesia:18+::(self-applied), Italy:VM18, Japan:R18+::(self-applied), Mexico:TV-MA::(self-applied), Netherlands:16, New Zealand:R16, Norway:16::(Netflix self-rating), Philippines:18+::(self-applied), Poland:16::(self-applied), Singapore:R21, South Korea:18, Spain:16::(Netflix), Sweden:16+::(self-applied), Turkey:18+::(self-applied), United Kingdom:15::(some episodes), United Kingdom:18::(some episodes), United States:TV-MA, United Arab Emirates:18+::(self-applied), Vietnam:C18",United States,English,12.0
24,The Kominsky Method,7255502,8.2,35815.0,"Michael Douglas, Sarah Baker, Graham Rogers, Melissa Tang, Casey Thomas Brown, Jenna Lyng Adams, Alan Arkin, Nancy Travis, Emily Osment, Ashleigh LaThrop, Lisa Edelstein, Paul Reiser, Ramon Hilario, Susan Sullivan, Haley Joel Osment, Kathleen Turner, Jane Seymour, Cedric Begley, Natasha Hall, Danny DeVito, Morgan Freeman, Ann-Margret, Christine Ebersole, Barry Levinson, J.D. Walsh, Jocelyn Towne, Adam Zastrow, Anoush NeVart, Azie Tesfai, Jay Leno, Eddie Money, Jon Cryer, Elliott Gould, Patti LaBelle, Bob Odenkirk, Allison Janney, Don Lemon, Jen Drohan, Jully Lee, Matt Knudsen, Julianna Gamiz, Brandon Morales, Jeffrey D. Sams, Claudia Elmore, Becky O'Donohue, AnaSofia Bianchi, Kirstin Eggers, Annie Tedesco, Butch Klein, Rex Linn","Comedy, Drama",30,25.0,2018.0,10/11/2018,"10/11/2018, 16/11/2018, 16/11/2018, 16/11/2018, 16/11/2018, 16/11/2018, 16/11/2018","Chuck Lorre, Chuck Lorre, Alan J. Higgins","Argentina:16, Australia:M::(season 1), Australia:MA15+::(season 2), Brazil:14, Canada:TV-MA::(self-applied), Denmark:15::(DVD rating), Finland:K-12::(DVD rating), France:13::(self-applied), Germany:12::(self-applied), India:18::(self-applied), Italy:T, Japan:R15+::(self-applied), Mexico:TV-MA::(self-applied), Netherlands:12::(season 1), Netherlands:16::(season 2), Norway:12::(Netflix self-rating), Philippines:18+::(self-applied), Poland:16, Singapore:M18, South Korea:18, Spain:13, Sweden:15::(DVD rating), Turkey:18+::(self-applied), United Kingdom:15, United States:TV-MA, United Arab Emirates:18+::(self-applied), Vietnam:C18",United States,English,8.0
25,Dear White People,5707802,6.2,24215.0,"Logan Browning, Brandon P Bell, DeRon Horton, Antoinette Robertson, John Patrick Amedori, Ashley Blaine Featherson-Jenkins, Marque Richardson, Jemar Michael, Giancarlo Esposito, Courtney Sauls, Nia Jervier, Caitlin Carver, Wyatt Nash, Obba Babatundé, Erich Lane, Nicholas Anthony Reid, Brandon Black, Wade F. Wilson, Sheridan Pierce, Jeremy Tardy, Darrion Scoggins, D.J. Blickenstaff, Joi Liaye, Daheli Hall, Quei Tann, Griffin Matthews, Judith Scott, Rudy Martinez, Alex Alcheh, Jeffrey Larson, Igor Hiller, Lucius Baybak, Ally Maki, Rome Flynn, John Rubinstein, Diamond White, Blair Underwood, Noah Taliferro, Thomas Kasp, Henderson Wade, Mason Trueblood, Scott Michael Morgan, Nia Long, Robert Curtis Brown, Wendie Malick, Karamo Brown, Lena Waithe, Francia Raisa, Carlin James, Cassidi Parker","Comedy, Drama",30,25.0,2017.0,28/04/2017,"28/04/2017, 28/04/2017, 28/04/2017, 28/04/2017, 28/04/2017, 28/04/2017, 28/04/2017, 28/04/2017, 28/04/2017","Justin Simien, Justin Simien, Justin Simien","Argentina:16, Australia:MA15+, Brazil:16, Canada:TV-MA::(self-applied), France:16, Germany:16, India:18::(self-applied), Indonesia:18+, Indonesia:18+::(self-applied), Italy:VM14::(self-applied), Japan:R18+::(self-applied), Mexico:TV-MA::(self-applied), Netherlands:16, Netherlands:16::(season 1), Netherlands:12::(season 2), Norway:16::(Netflix self-rating), Philippines:18+::(self-applied), Poland:16::(self-applied), Russia:16+, Singapore:M18, South Korea:18, Spain:16::(Netflix), Sweden:16+, Turkey:18+::(self-applied), United Kingdom:15, United States:TV-MA::(L, S), United Arab Emirates:18+::(self-applied)",United States,English,10.0
26,GLOW,5770786,8.0,43193.0,"Alison Brie, Betty Gilpin, Britt Baron, Sydelle Noel, Kate Nash, Britney Young, Gayle Rankin, Marc Maron, Kia Stevens, Jackie Tohn, Kimmy Gatewood, Sunita Mani, Rebekka Johnson, Ellen Wong, Christopher Lowell, Marianna Palka, Shakira Barrera, Bashir Salahuddin, Victor Quinaz, Rich Sommer, Andrew Friedman, Geena Davis, Wyatt Nash, Casey W. Johnson, Kevin Cahoon, Carlos Colón Jr., Toby Huss, Alex Rich, Ravil Isyanov, Nick Clifford, Annabella Sciorra, Tami Sagher, Eric Lutz, Elizabeth Perkins, Amy Farrington, Phoebe Strole, Tyrus, Peter O'Brien, Paul Fitzgerald, Breeda Wool, Marc Evan Jackson, Armen Weitzman, Andy Umberger, Colton Tran, Patrick Renna, Whitmer Thomas, Peter Kelamis, Winston James Francis, Allan Wasserman, Horatio Sanz","Comedy, Drama, Sport",35,25.0,2017.0,23/06/2017,"23/06/2017, 23/06/2017, 23/06/2017, 23/06/2017, 23/06/2017, 23/06/2017, 23/06/2017, 23/06/2017, 23/06/2017","Liz Flahive, Liz Flahive, Carly Mensch","Argentina:16, Australia:MA15+::(Netflix self-rating), Brazil:16, Canada:TV-MA::(self-applied), France:13::(self-applied), Germany:12, India:18::(self-applied), Italy:VM14, Japan:R18+::(self-applied), Mexico:TV-MA::(self-applied), Netherlands:12, Philippines:18+::(self-applied), Singapore:M18::(season 1), Singapore:R21::(season 2), South Korea:18, Spain:13::(Netflix), Sweden:13::(self-applied), Turkey:18+::(self-applied), United Kingdom:18, United States:TV-MA",United States,"English, Spanish, Russian, Khmer",10.0
27,Big Mouth,6524350,7.9,63486.0,"Nick Kroll, John Mulaney, Jessi Klein, Jason Mantzoukas, Fred Armisen, Maya Rudolph, Jordan Peele, Andrew Rannells, Jenny Slate, Joe Wengert, Richard Kind, Paula Pell, June Diane Raphael, Jak Knight, Jessica Chaffin, Neil Casey, Jon Daly, Seth Morris, Kat Dennings, Gina Rodriguez, Mark Rivers, Chelsea Peretti, Gil Ozeri, Ayo Edebiri, Heather Lawless, Maria Bamford, Zachary Quinto, David Thewlis, Paul Scheer, Mark Duplass, Jean Smart, Emily Altman, Nathan Fillion, Fran Gillespie, Rob Huebel, Michaela Watkins, Julie White, Ali Wong, Gary Cole, John Gemberling, Thandiwe Newton, Natasha Lyonne, Ashley London, Rosa Salazar, Kristen Bell, Jack McBrayer, Julie Klausner, Craig Robinson, Sterling K. Brown, Bobby Cannavale","Animation, Comedy, Romance",30,25.0,2017.0,29/09/2017,"29/09/2017, 29/09/2017, 29/09/2017, 29/09/2017, 29/09/2017, 29/09/2017, 29/09/2017, 29/09/2017, 29/09/2017","Jennifer Flackett, Jennifer Flackett, Jennifer Flackett","Argentina:16, Australia:R18+::(Season 1), Australia:MA15+::(Season 2 & 4), Brazil:16, Canada:16+::(Québec), France:16, France:12::(some episodes), Germany:16, India:18+::(self-applied), Italy:VM14, Japan:R18+::(self-applied), Mexico:TV-MA::(self-applied), Netherlands:16::(season 4), Netherlands:12::(seasons 1-3), New Zealand:R16::(Netflix self-rating), Norway:16::(Netflix self-rating), Philippines:18+::(self-applied), Portugal:M/16, Russia:18+, Singapore:M18, Singapore:R21::(series level), South Korea:18, Spain:16, Sweden:16+::(self-applied), Turkey:18+::(self-applied), United Kingdom:15::(TV rating), United States:TV-MA",United States,English,10.0
28,Fuller House,3986586,6.7,26031.0,"Candace Cameron Bure, Jodie Sweetin, Andrea Barber, Michael Campion, Elias Harger, Soni Bringas, Dashiell Messitt, Fox Messitt, Juan Pablo Di Pace, Scott Weinger, John Brotherton, Adam Hagenbuch, John Stamos, Dave Coulier, Ashley Liao, Landry Bender, Bob Saget, Lori Loughlin, Marla Sokoloff, Virginia Williams, Isaak Presley, Mckenna Grace, Madilynn Jefferson, McKenzie Jefferson, Noah Alexander Gerry, Kimberley Drummond, Lucas Jaye, Trevor Larcom, Brad Grunberg, Natalija Nogulich, Logan Riley, Gianna DiDonato, Mike Ostroski, Ryun Yu, Robin Thomas, Maksim Chmerkovskiy, Val Chmerkovskiy, Tanner Buchanan, Josh Peck, Ben J. Pierce, Lisa Loeb, Blake Tuomy-Wilhoit, Dylan Tuomy-Wilhoit, Michael Patrick Gough, Joey McIntyre, Noah Salsbury Lipson, Ruby Rose Turner, Finn Carr, David Lipper, Kingston Foster","Comedy, Family",30,25.0,2016.0,26/02/2016,"26/02/2016, 26/02/2016, 26/02/2016, 26/02/2016, 26/02/2016, 26/02/2016, 26/02/2016, 26/02/2016, 26/02/2016, 26/02/2016, 26/02/2016, 26/02/2016","Jeff Franklin, Jeff Franklin, Eydie Faye","Argentina:Atp, Australia:PG, Australia:G::(season 5), Brazil:Livre::(self-applied), Canada:G::(Quebec), Denmark:A, France:7::(self-applied), Germany:6::(self-applied), India:UA, Italy:T, Japan:G, Mexico:TV-PG::(self-applied), Netherlands:AL, Norway:7::(Netflix self-rating), Philippines:13+::(self-applied), Singapore:G, South Korea:12, Spain:7, Sweden:7+::(self-applied), Turkey:13+::(self-applied), United Kingdom:PG, United States:TV-PG, United States:Not Rated::(DVD Rating), United States:TV-G, United States:TV-PG, United States:TV-Y7::(some episodes)",United States,English,13.0
29,Luke Cage,3322314,7.3,122128.0,"Mike Colter, Simone Missick, Theo Rossi, Alfre Woodard, Justin Swain, Sean Ringgold, John Clarence Stewart, Karen Pittman, Ron Cephas Jones, Jeremiah Craft, Mustafa Shakir, Rosario Dawson, Gabrielle Dennis, Kevin Mambo, Jaiden Kaine, Peter Jay Fernandez, Thomas Q. Jones, Sahr Ngaujah, Antonique Smith, Reg E. Cathey, Erik LaRay Harvey, Frank Whaley, Danny Johnson, Tijuana Ricks, Heather Simms, Mahershala Ali, Jacob Vargas, Chaz Lamar Shepherd, Deborah Ayorinde, Jade Wu, Darius Kaleb, Tarah Rodgers, Michael Kostroff, Cassandra Freeman, Dawn-Lyen Gardner, Jamar Greene, Dorian Missick, Parisa Fitz-Henley, Sônia Braga, Brian Marc, Sonja Sohn, Manny Perez, Rob Morgan, Clark Jackson, Ninja N. Devoe, P.J. Marshall, Lee R. Sellars, Andrew Pang, Clem Cheung, Clifton Cutrary","Action, Crime, Drama, Sci-Fi, Thriller",55,25.0,2016.0,28/09/2016,"28/09/2016, 28/09/2016, 30/09/2016, 30/09/2016, 30/09/2016, 30/09/2016, 30/09/2016, 30/09/2016, 30/09/2016, 30/09/2016, 30/09/2016, 30/09/2016","Cheo Hodari Coker, Cheo Hodari Coker, Cheo Hodari Coker","Argentina:16, Australia:MA15+, Brazil:16, Canada:14A::(Manitoba/Ontario), Canada:13+::(Quebec), France:16, Germany:16, India:18::(self-applied), Italy:VM14, Japan:R18+::(self-applied), Mexico:TV-MA::(self-applied), Netherlands:16, New Zealand:R16, Norway:16::(Netflix self-rating), Philippines:18+::(self-applied), Russia:18+, Singapore:M18, South Korea:18, Spain:16::(Netflix), Sweden:16+::(self-applied), Turkey:18+::(self-applied), United Kingdom:15, United States:TV-MA",United States,"English, Spanish, Polish",13.0
30,13 Reasons Why,1837492,7.5,271839.0,"Dylan Minnette, Christian Navarro, Alisha Boe, Brandon Flynn, Justin Prentice, Ross Butler, Devin Druid, Amy Hargreaves, Miles Heizer, Timothy Granaderos, Michael Sadler, Josh Hamilton, Caleb Pilkenton, Derek Luke, Kate Walsh, Mark Pellegrino, Katherine Langford, Steven Weber, Mia Jómor, Grace Saif, Tyler Barnhardt, Austin Aaron, Brenda Strong, Michele Selene Ang, RJ Brown, Bryce Cass, Joseph C. Phillips, Wilson Cruz, Anne Winters, Ajiona Alexus, Tommy Dorfman, Benito Martinez, Steven Silver, Brian d'Arcy James, Deaken Bluman, Tiffany Wong, Chelsea Alden, James Cretan, Brandon Butler, Keon Motakhaveri, Samantha Logan, Allison Miller, Nana Mensah, Mason Guccione, Sosie Bacon, Richard Gross, Jan Luis Castellanos, Gary Sinise, Matthew Alan, Cindy Cheung","Drama, Mystery, Thriller",60,25.0,2017.0,31/03/2017,"31/03/2017, 31/03/2017, 31/03/2017, 31/03/2017, 31/03/2017, 31/03/2017, 31/03/2017, 31/03/2017, 31/03/2017, 31/03/2017, 31/03/2017, 31/03/2017","Jay Asher, Brian Yorkey, Brian Yorkey","Argentina:16, Australia:MA15+, Brazil:16::(self-applied), Brazil:18, Canada:14A::(DVD rating), Canada:R::(Ontario), Canada:18A::(recommended rating), France:18, Germany:16, India:16+::(self-applied), Indonesia:18+::(self-applied), Italy:VM14::(TV rating), Japan:R18+::(self-applied), Malaysia:18, Mexico:TV-MA::(self-applied), Netherlands:16, New Zealand:RP18, Norway:16::(Netflix self-rating), Philippines:18+::(self-applied), Poland:16::(self-applied), Russia:16+, Singapore:R21, Singapore:M18::(season 1), South Korea:18, Spain:16, Sweden:16+::(self-applied), Turkey:18+, United Kingdom:18, United States:TV-MA, United Arab Emirates:18+::(self-applied), Vietnam:C18",United States,English,13.0
31,Atypical,6315640,8.3,77527.0,"Jennifer Jason Leigh, Keir Gilchrist, Brigette Lundy-Paine, Michael Rapaport, Nik Dodani, Jenna Boyd, Graham Rogers, Fivel Stewart, Amy Okuda, Nina Ameri, Jeffrey Rosenthal, Domonique Brown, Rachel Redleaf, Raúl Castillo, Angel Laketa Moore, Kimia Behpoornia, Christina Offley, Wendy Braun, Kevin Daniels, Tal Anderson, Karl T. Wright, Allie Rae Treharne, Ariela Barer, Michelle Farrah Huang, Kimmy Gatewood, Casey Wilson, Layla Weiner, Naomi Rubin, Graham Phillips, Sara Gilbert, Nikki Gutman, Nicole Zyana, Anthony Jacques, Jenny O'Hara, Marietta Melrose, Britney Ortiz, Megan Suri, Rizwan Manji, Michael Rady, Chris Grace, Eric McCormack, Annie Mebane, Spencer Harte, Lindsay Price, Jeremiah Birkett, Niles Fitch, Tess Aubert, Kue Lawrence, Major Curda, Eddie Montiel","Comedy, Drama",30,25.0,2017.0,11/08/2017,"11/08/2017, 11/08/2017, 11/08/2017, 11/08/2017, 11/08/2017, 11/08/2017, 11/08/2017","Robia Rashid, Robia Rashid, D.J. Ryan","Argentina:13, Australia:M, Brazil:14, Canada:TV-14::(self-applied), France:13::(self-applied), Germany:12, India:18::(self-applied), Indonesia:13+::(self-applied), Italy:T, Mexico:TV-14::(self-applied), Netherlands:6, Norway:12::(Netflix self-rating), Philippines:13+::(self-applied), Poland:12, Singapore:R21, South Korea:18::(season 1), South Korea:15::(season 2), Spain:13, Sweden:13+::(self-applied), Turkey:13+::(self-applied), United Kingdom:12, United States:TV-MA, United States:TV-14, United Arab Emirates:13+::(self-applied)",United States,English,8.0
32,Undercover,7263154,7.8,13387.0,"Tom Waes, Frank Lammers, Manou Kersting, Anna Drijver, Elise Schaap, Emma Verlinden, Robbie Cleiren, Katrien De Ruysscher, Wim Willaert, Ruth Becquart, Sebastien Dewaele, Raymond Thiry, Jeroen Van der Ven, Celest Henri Cornelis, Lieke van den Broek, Warre Verlinden, Mourade Zeguendi, Sarah Vandeursen, Robrecht Vanden Thoren, Rubén Ochandiano, Huub Smit, Chris Lomme, Sara De Bosschere, Kevin Janssens, Kris Cuppens, Juda Goslinga, Nina Mensch, Begir Memeti, Ingrid De Vos, Lukas De Wolf, Christine Verheyden, Alexej Manvelov, Lucas Van den Eynde, Charlotte Timmers, Michael Pas, Koen De Poorter, Sara Gracia Santacreu, Jessica Sherman, Andrew Joseph Perez, Sanne-Samina Hanssen, Benja Bruijning, Nico Ehrenteit, Benny Claessens, Gert Winckelmans, Bas Keijzer, Wimie Wilhelm, Vitali Oussanov, Stefan Perceval, Jean-Christophe Fernandez, Katelijne Verbeke","Crime, Drama, Thriller",50,25.0,2019.0,24/02/2019,"24/02/2019, 03/03/2019, 10/03/2019, 17/03/2019, 24/03/2019, 31/03/2019, 07/04/2019, 14/04/2019, 21/04/2019","Lars Damoiseaux, Sachint Goel, Shane Gotcher","Argentina:16, Australia:MA15+::(self-applied), Brazil:14::(self-applied), Canada:TV-MA::(self-applied), France:12, Germany:16::(self-applied), Hungary:12, India:18::(self-applied), Italy:VM14::(self-applied), Mexico:TV-MA::(self-applied), Netherlands:12, Philippines:18+::(self-applied), Poland:16::(self-applied), Singapore:M18, South Korea:18, Spain:16, Sweden:16+::(self-applied), Turkey:18+::(self-applied), United Kingdom:15, United States:TV-MA","Belgium, Netherlands","Dutch, Flemish",10.0
33,Iron Fist,3322310,6.4,121239.0,"Finn Jones, Jessica Henwick, Jessica Stroup, Tom Pelphrey, Sacha Dhawan, David Wenham, Alice Eve, Wai Ching Ho, Giullian Yao Gioiello, Christine Toy Johnson, Barrett Doss, Fernando Chien, Simone Missick, Natalie Smith, Henry Yuk, Rosario Dawson, Ramon Rodriguez, Clifton Davis, Marquis Rodriguez, Jason Lai, Jowin Marie Batoon, Ramon Fernandez, David Furr, Alex Wyse, James Chen, Toby Nichols, Sydney Mae Diaz, John Sanders, Elise Santora, Jean Chung, Carrie-Anne Moss, Murray Bartlett, Olek Krupa, Andrew Cao, Sky Lakota-Lynch, Lori Laing, Lauren Mary Kim, Robert Mauzell, Hoon Lee, Esau Pritchett, Shirine Babb, Julee Cerda, Jeanna de Waal, Victoria Haynes, Samantha Herrera, Marcus Ho, Donté Grey, Gita Reddy, Craig Geraghty, Steve Greenstein","Action, Adventure, Crime, Fantasy, Sci-Fi",55,25.0,2017.0,15/03/2017,"15/03/2017, 17/03/2017, 17/03/2017, 17/03/2017, 17/03/2017, 17/03/2017, 17/03/2017, 17/03/2017, 17/03/2017, 17/03/2017, 17/03/2017, 17/03/2017","Scott Buck, Scott Buck, Gil Kane","Argentina:16, Australia:MA15+, Brazil:18, Canada:TV-MA::(self-applied), France:16, Germany:16, India:16::(self-applied), Indonesia:16+::(self-applied), Ireland:18, Italy:VM18::(self-applied), Japan:R18+::(self-applied), Malaysia:18, Mexico:TV-MA::(self-applied), Netherlands:16, Norway:16::(Netflix self-rating), Philippines:16+::(self-applied), Russia:18+, Singapore:R21, South Korea:18, Spain:16::(Netflix), Sweden:16+, Turkey:16+::(self-applied), United Kingdom:18, United States:TV-MA, United Arab Emirates:16+::(self-applied)",United States,"English, Mandarin, Japanese, Russian, Korean",13.0
34,Explained,8005374,8.0,8234.0,"Estelle Caswell, Samira Wiley, Maria Bello, Kyle MacLachlan, Rachel McAdams, Kristen Bell, Christian Slater, Kevin Smith, Nick Kroll, Rachel Bloom, LeVar Burton, Aasif Mandvi, Yara Shahidi, Carly Rae Jepsen, Jerry Springer, Joss Fong, Coleman Lowndes, J.K. Simmons, Maggie Siff, Natasha Lyonne, Hilary Swank, Vincent Kartheiser, Aya Cash, LaKeith Stanfield, John Waters, Karlie Kloss, Cleo Constantine Abram, Jake Gyllenhaal, Ethan Hawke, Rosario Dawson, Keri Russell, Joseph Gordon-Levitt, Connie Britton, Ruth Negga, Kim Cattrall, Rainn Wilson, Sophie Okonedo, Keke Palmer, Hector Elizondo, Kelly Rowland, Stephen Fry, Michael Pollan, Dan Savage, Mehrsa Baradaran, Ezekiel Emanuel, Chani Nicholas, Heidi Kitrosser, Elizabeth Margulis, Barry Komisaruk, Christopher Gardner",Documentary,18,25.0,2018.0,09/05/2018,"09/05/2018, 23/05/2018, 23/05/2018, 30/05/2018, 06/06/2018, 13/06/2018, 20/06/2018, 27/06/2018, 04/07/2018, 11/07/2018, 18/07/2018, 25/07/2018, 01/08/2018, 08/08/2018, 15/08/2018, 22/08/2018, 29/08/2018, 05/09/2018, 12/09/2018","Joe Posner, Joe Posner, Joss Fong","Argentina:16, Australia:MA15+, Brazil:14::(Streaming rating), Brazil:14::(self-applied), Canada:TV-MA::(self-applied), France:13::(self-applied), Germany:12::(self-applied), India:18::(self-applied), Italy:VM14::(self-applied), Mexico:TV-MA::(self-applied), New Zealand:R16, Norway:7::(Netflix self-rating), Philippines:18+::(self-applied), Singapore:M18, South Korea:15, South Korea:18, South Korea:Youth not allowed::(self-applied), Spain:16::(self-applied), Sweden:13::(self-applied), Turkey:18+::(self-applied), United Kingdom:15, United States:TV-MA",United States,English,20.0
35,Insatiable,6487482,6.5,25199.0,"Dallas Roberts, Debby Ryan, Christopher Gorham, Kimmy Shields, Erinn Westbrook, Michael Provost, Alyssa Milano, Arden Myrin, Irene Choi, Sarah Colonna, Danny Kang, James Lastovic, Ashley D. Kelley, Vincent Rodriguez III, Caroline Pluta, Brett Rice, Kurt Yue, Michael Ian Black, Chloe Bridges, Emma Cadd, Beverly D'Angelo, Ryan Homchick, Jordan Gelber, Alex Landi, Jee An, Arturo Luís Soria, Drew Scheid, David Bianchi, Michael Perez, Hannah Malone, Leah Merritt, Christine Taylor, Carly Hughes, Shannon DeVido, Dana Ashbrook, David A. Gregory, Daniel Thomas May, Gloria Diaz, L. Warren Young, Charity Cervantes, India Batson, Paul Yoo, Lynne Ashe, Joshua Childs, Tommy Dorfman, Bill Alverson, Iain Tucker, Ariana Guerra, Sam Ashby, Johnny Rey Diaz","Comedy, Drama, Thriller",45,25.0,2018.0,10/08/2018,"10/08/2018, 10/08/2018, 10/08/2018, 10/08/2018, 10/08/2018, 10/08/2018, 10/08/2018, 10/08/2018, 10/08/2018, 10/08/2018, 10/08/2018","Lauren Gussis, Lauren Gussis, Jenina Kibuka","Argentina:16, Australia:MA15+, Brazil:16::(self-applied), Canada:TV-MA::(self-applied), France:16, Germany:16, India:18::(self-applied), Italy:VM14, Mexico:C::(self-applied), Netherlands:12, Philippines:18+::(self-applied), Poland:16::(self-applied), Singapore:R21, South Korea:18, Spain:16::(Netflix), Sweden:16+::(self-applied), Turkey:18+::(self-applied), United Kingdom:15, United States:TV-MA",United States,English,12.0
36,Roman Empire,6233538,7.0,6893.0,"Aaron Irvin, Corey Brennan, Jerry Toner, Steve West, Clifford Ando, Barry Strauss, Kathryn Tempest, Anthony Everitt, Sean Bean, Amanda Ruggeri, Mike Duncan, Caitlin Gillespie, Aaron Jakubenko, Edwin Wright, Genevieve Aitken, David Levene, Tom Holland, Jared Turner, Jessica Green, Ditch Davey, Phoenix Connolly, Stephen Lovatt, Ben Black, Erroll Shand, Natalie Medlock, Wesley Dowdell, Tim Carlsen, Andrew Robertt, Will Hall, Adrian Murdoch, Emma Fenton, Marden Nichols, Ido Drent, Tai Berdinner-Blades, Andrew Foster, Calum Gittins, Teressa Liane, Colin Moy, Elizabeth Felker, Jay Simon, Jeffrey Stevens, Mike Edward, Kelson Henderson, Molly Leishman, Craig Walsh-Wrightson, John Bach, Andrew Scott, James Gordon, Michael Morris, Lisa Mignone","Documentary, Biography, Drama, History, War",48,25.0,2016.0,11/11/2016,"11/11/2016, 11/11/2016, 11/11/2016, 11/11/2016, 11/11/2016","Christian Baker, Dan Benamor, Dan Benamor","Brazil:18, France:16, Germany:16::(internet), India:18::(self-applied), Italy:VM14, Mexico:TV-MA::(self-applied), Netherlands:16, Norway:16::(Netflix self-rating), Philippines:18+::(self-applied), Singapore:M18, South Korea:18, Spain:16, Sweden:16+::(self-applied), Turkey:18+::(self-applied), United Kingdom:15, United States:TV-MA","Canada, United States",English,6.0
37,Hemlock Grove,2309295,7.1,38426.0,"Famke Janssen, Bill Skarsgård, Landon Liboiron, Joel de la Fuente, Kaniehtiio Horn, Dougray Scott, Madeleine Martin, Penelope Mitchell, Freya Tingley, Laurie Fortier, Luke Camilleri, Nicole Boivin, Lili Taylor, Aaron Douglas, Demore Barnes, Camille De Pazzis, Madeline Brewer, Kandyse McClure, Alex Hernandez, Marty Adams, Shauna MacDonald, Ted Dykstra, Michael Andreae, Philip Craig, Richard Gunn, Michael Therriault, Emilia McCarthy, Eliana Jones, Mark Walker, Alex Gordon, Amanda Smith, Don Francks, Adam Rodness, J.C. MacKenzie, Lisa Marcos, Michael Ayres, Stephen Farrell, Mal Dassin, Holly Deveaux, Garrett Hnatiuk, Dylan Trowbridge, Erika Ervin, Meegwun Fairbrother, Mercedes de la Zerda, Ekow Ashun-Stone, Emily Piggford, Jacqueline Graham, Alanis Peart, Mouna Traoré, Paul Popowich","Drama, Fantasy, Horror, Mystery, Sci-Fi, Thriller",46,25.0,2013.0,18/04/2013,"18/04/2013, 19/04/2013, 19/04/2013, 19/04/2013, 19/04/2013, 19/04/2013, 19/04/2013, 19/04/2013, 19/04/2013, 19/04/2013, 19/04/2013, 19/04/2013","Brian McGreevy, Brian McGreevy, Brian McGreevy","Australia:R18+, Brazil:18, Canada:13+::(Quebec), Denmark:15, France:18::(self-applied), Germany:16, Mexico:TV-MA::(self-applied), Netherlands:16, New Zealand:R16, Norway:18, Philippines:18+::(self-applied), Singapore:R21, South Korea:18, Spain:18, Sweden:15, United Kingdom:15::(some episodes), United Kingdom:18::(some episodes), United States:TV-MA",United States,English,13.0
38,Sacred Games,6077448,8.6,82941.0,"Saif Ali Khan, Nawazuddin Siddiqui, Neeraj Kabi, Elnaaz Norouzi, Aamir Bashir, Shalini Vatsa, Jatin Sarna, Luke Kenny, Chittaranjan Tripathy, Pankaj Tripathi, Radhika Apte, Jitendra Joshi, Girish Kulkarni, Surveen Chawla, Kubbra Sait, Rajshri Deshpande, Saurabh Sachdeva, Vikram Kochhar, Kalki Koechlin, Paul Ogola, Suhas Sirsat, Sameer Kochhar, Anil Charanjeett, Danish Pandor, Anupriya Goenka, Amruta Subhash, Muni Jha, Geetanjali Thapa, Sukhmani Sadana, Neha Shitole, Shashi Ranjan, Jayashree Bappal, Praful Bankar, Abhishek Pathak, Prasad Kandekar, Karan Wahi, Richa Kapoor, Sanjay Dadich, Himanshu Tyagi, Manorath, Sushmita Bhandari, Vibhawari Deshpande, Harshita Gaur, Nawab Shah, Shyam Kishore, Ashok Pathak, Ram Shankar Singh, Vishvendra Singh, Yogi Singha, Ankur Jain","Action, Crime, Drama, Mystery, Thriller",50,25.0,2018.0,28/06/2018,"28/06/2018, 06/07/2018, 06/07/2018, 06/07/2018, 06/07/2018, 06/07/2018, 06/07/2018","Varun Grover, Varun Grover, Varun Grover","Argentina:16, Australia:MA15+, Brazil:18::(self-applied), France:16, Germany:16, India:A, India:UA::(trailer), Italy:VM18, Mexico:TV-MA::(self-applied), Netherlands:16, Norway:16::(Netflix self-rating), Philippines:18+::(self-applied), Singapore:R21, South Korea:18, Spain:16, Sweden:16+::(self-applied), Turkey:18+::(self-applied), United Kingdom:18, United States:TV-MA::(Netflix), United Arab Emirates:18+::(self-applied)","India, United States",Hindi,8.0
39,She-Ra and the Princesses of Power,7745956,7.9,12994.0,"Aimee Carrero, Marcus Scribner, Karen Fukuhara, AJ Michalka, Keston John, Christine Woods, Lauren Ash, Lorraine Toussaint, Adam Ray, Genesis Rodriguez, Vella Lovell, Morla Gorrondona, Dana Davis, Merit Leighton, Grey Griffin, Reshma Shetty, Jordan Fisher, Antony Del Rio, Daniel Dae Kim, Krystal Joy Brown, Jacob Tobia, Noelle Stevenson, Sandra Oh, Mary Elizabeth McGlynn, Zehra Fazal, Amanda Céline Miller, Geena Davis, LaLa Nestor, Chris Jai Alex, Juliet Donenfeld, Jake Eberle, Regi Davis, Alex Blue Davis, Ashley Eckstein, Amy Landecker, Taylor Gray, Melissa Fumero, John Lavelle, Channah Zeitung","Animation, Action, Adventure, Comedy, Drama, Family, Fantasy, Sci-Fi",30,25.0,2018.0,13/11/2018,"13/11/2018, 13/11/2018, 13/11/2018, 13/11/2018, 13/11/2018, 13/11/2018, 13/11/2018, 13/11/2018, 13/11/2018, 13/11/2018, 13/11/2018, 13/11/2018","Noelle Stevenson, Noelle Stevenson, Noelle Stevenson","Argentina:Atp, Australia:PG, Brazil:L, Brazil:Livre::(new rating), Canada:TV-Y7::(self-applied), France:7::(self-applied), Germany:6::(self-applied), India:13::(self-applied), Italy:T, Japan:G, Mexico:TV-Y7::(self-applied), Netherlands:6, New Zealand:PG, Philippines:13+::(self-applied), Russia:18+, Singapore:M18, South Korea:All, South Korea:12::(season 3), Spain:7, Sweden:7+::(self-applied), Turkey:13+::(self-applied), United Kingdom:PG, United States:TV-Y7-FV",United States,English,13.0
